{
  "highest_total_gross_genre": {
    "genre": "Action",
    "movie_count": 1705,
    "valid_financial_count": 1417,
    "total_gross": 243435855754.0,
    "estimated_profit": 155016620492.0,
    "median_roi": 87.22904666666666,
    "median_gross": 51386477.0,
    "median_budget": 40000000.0,
    "average_score": 6.202816901408451,
    "profitable_rate": 72.68877911079747,
    "loss_rate": 27.31122088920253,
    "contribution_pct": 41.463729528662746
  },
  "highest_median_roi_genre": {
    "genre": "Horror",
    "movie_count": 322,
    "valid_financial_count": 254,
    "total_gross": 14543329602.0,
    "estimated_profit": 10883943058.0,
    "median_roi": 204.72182,
    "median_gross": 20471382.0,
    "median_budget": 8750000.0,
    "average_score": 5.750621118012423,
    "profitable_rate": 79.13385826771653,
    "loss_rate": 20.866141732283467
  },
  "highest_loss_rate_genre": {
    "genre": "Crime",
    "movie_count": 551,
    "valid_financial_count": 400,
    "total_gross": 21355448322.0,
    "estimated_profit": 11004356676.0,
    "median_roi": 31.468972179487178,
    "median_gross": 12239344.5,
    "median_budget": 15000000.0,
    "average_score": 6.671506352087114,
    "profitable_rate": 56.00000000000001,
    "loss_rate": 43.99999999999999
  },
  "highest_gross_company_by_genre": {
    "Action": {
      "company": "Warner Bros.",
      "movie_count": 127,
      "valid_financial_count": 123,
      "total_gross": 31014361296.0,
      "estimated_profit": 19755718498.0,
      "median_roi": 116.31731894736843,
      "median_gross": 136982834.0,
      "median_budget": 70000000.0,
      "average_score": 6.407874015748031,
      "profitable_rate": 82.92682926829268,
      "loss_rate": 17.07317073170732
    },
    "Adventure": {
      "company": "Warner Bros.",
      "movie_count": 25,
      "valid_financial_count": 23,
      "total_gross": 7780166318.0,
      "estimated_profit": 5150992458.0,
      "median_roi": 126.52104125000001,
      "median_gross": 100140916.0,
      "median_budget": 63000000.0,
      "average_score": 6.712000000000001,
      "profitable_rate": 69.56521739130434,
      "loss_rate": 30.434782608695656
    },
    "Animation": {
      "company": "Walt Disney Pictures",
      "movie_count": 30,
      "valid_financial_count": 29,
      "total_gross": 13842344597.0,
      "estimated_profit": 10611893989.0,
      "median_roi": 241.43018875,
      "median_gross": 347951269.0,
      "median_budget": 85000000.0,
      "average_score": 7.2266666666666675,
      "profitable_rate": 93.10344827586206,
      "loss_rate": 6.896551724137936
    },
    "Biography": {
      "company": "Universal Pictures",
      "movie_count": 28,
      "valid_financial_count": 22,
      "total_gross": 2781000863.0,
      "estimated_profit": 1523871209.0,
      "median_roi": 69.2431035480226,
      "median_gross": 54689820.5,
      "median_budget": 40000000.0,
      "average_score": 7.228571428571429,
      "profitable_rate": 77.27272727272727,
      "loss_rate": 22.727272727272734
    },
    "Comedy": {
      "company": "Universal Pictures",
      "movie_count": 132,
      "valid_financial_count": 115,
      "total_gross": 13832870982.0,
      "estimated_profit": 9120336508.0,
      "median_roi": 145.003335,
      "median_gross": 59540581.5,
      "median_budget": 30000000.0,
      "average_score": 6.2303030303030305,
      "profitable_rate": 76.52173913043478,
      "loss_rate": 23.47826086956522
    },
    "Crime": {
      "company": "Warner Bros.",
      "movie_count": 22,
      "valid_financial_count": 21,
      "total_gross": 4118104748.0,
      "estimated_profit": 3026999757.0,
      "median_roi": 212.39469666666668,
      "median_gross": 131584683.5,
      "median_budget": 50000000.0,
      "average_score": 7.104545454545455,
      "profitable_rate": 80.95238095238095,
      "loss_rate": 19.04761904761905
    },
    "Drama": {
      "company": "Warner Bros.",
      "movie_count": 53,
      "valid_financial_count": 46,
      "total_gross": 5643770167.0,
      "estimated_profit": 3282937841.0,
      "median_roi": 89.04146944444443,
      "median_gross": 65938127.0,
      "median_budget": 35000000.0,
      "average_score": 6.890566037735849,
      "profitable_rate": 78.26086956521739,
      "loss_rate": 21.73913043478261
    },
    "Family": {
      "company": "Mandeville Films",
      "movie_count": 1,
      "valid_financial_count": 1,
      "total_gross": 1264434525.0,
      "estimated_profit": 1104434525.0,
      "median_roi": 690.271578125,
      "median_gross": 1264434525.0,
      "median_budget": 160000000.0,
      "average_score": 7.1,
      "profitable_rate": 100.0,
      "loss_rate": 0.0
    },
    "Fantasy": {
      "company": "Paramount Pictures",
      "movie_count": 5,
      "valid_financial_count": 5,
      "total_gross": 499337918.0,
      "estimated_profit": 303337918.0,
      "median_roi": 113.6556625,
      "median_gross": 57470138.0,
      "median_budget": 11500000.0,
      "average_score": 6.3,
      "profitable_rate": 100.0,
      "loss_rate": 0.0
    },
    "History": {
      "company": "CTV",
      "movie_count": 1,
      "valid_financial_count": 0,
      "total_gross": 0.0,
      "estimated_profit": 0.0,
      "median_roi": null,
      "median_gross": null,
      "median_budget": 323562.0,
      "average_score": 8.3,
      "profitable_rate": null,
      "loss_rate": null
    },
    "Horror": {
      "company": "New Line Cinema",
      "movie_count": 17,
      "valid_financial_count": 17,
      "total_gross": 2925810841.0,
      "estimated_profit": 2603410841.0,
      "median_roi": 704.4705475,
      "median_gross": 112880294.0,
      "median_budget": 19000000.0,
      "average_score": 6.041176470588235,
      "profitable_rate": 100.0,
      "loss_rate": 0.0
    },
    "Music": {
      "company": "Les Films Galaxie",
      "movie_count": 1,
      "valid_financial_count": 0,
      "total_gross": 110014.0,
      "estimated_profit": 0.0,
      "median_roi": null,
      "median_gross": 110014.0,
      "median_budget": null,
      "average_score": 7.2,
      "profitable_rate": null,
      "loss_rate": null
    },
    "Musical": {
      "company": "BroadwayHD",
      "movie_count": 1,
      "valid_financial_count": 0,
      "total_gross": 2973437.0,
      "estimated_profit": 0.0,
      "median_roi": null,
      "median_gross": 2973437.0,
      "median_budget": null,
      "average_score": 8.2,
      "profitable_rate": null,
      "loss_rate": null
    },
    "Mystery": {
      "company": "Columbia Pictures",
      "movie_count": 4,
      "valid_financial_count": 4,
      "total_gross": 887615526.0,
      "estimated_profit": 710615526.0,
      "median_roi": 178.58372410714287,
      "median_gross": 54522246.5,
      "median_budget": 22000000.0,
      "average_score": 6.675,
      "profitable_rate": 100.0,
      "loss_rate": 0.0
    },
    "Romance": {
      "company": "Universal Pictures",
      "movie_count": 1,
      "valid_financial_count": 1,
      "total_gross": 127869379.0,
      "estimated_profit": 77669379.0,
      "median_roi": 154.71987848605576,
      "median_gross": 127869379.0,
      "median_budget": 50200000.0,
      "average_score": 7.0,
      "profitable_rate": 100.0,
      "loss_rate": 0.0
    },
    "Sci-Fi": {
      "company": "Relativity Media",
      "movie_count": 1,
      "valid_financial_count": 1,
      "total_gross": 161849455.0,
      "estimated_profit": 134849455.0,
      "median_roi": 499.4424259259259,
      "median_gross": 161849455.0,
      "median_budget": 27000000.0,
      "average_score": 7.4,
      "profitable_rate": 100.0,
      "loss_rate": 0.0
    },
    "Sport": {
      "company": "ESX Entertainment",
      "movie_count": 1,
      "valid_financial_count": 0,
      "total_gross": 1067629.0,
      "estimated_profit": 0.0,
      "median_roi": null,
      "median_gross": 1067629.0,
      "median_budget": null,
      "average_score": 5.9,
      "profitable_rate": null,
      "loss_rate": null
    },